App Name, 2022-10-28, 2022-10-29, 2022-10-30, 2022-10-31, 2022-11-01, 2022-11-02, 2022-11-03, 2022-11-04, 2022-11-05, 2022-11-06, 2022-11-07, 2022-11-08, 2022-11-09, 2022-11-10, 2022-11-11, 2022-11-12, 2022-11-13, 2022-11-14, 2022-11-15, 2022-11-16, 2022-11-17, 2022-11-18, 2022-11-19, 2022-11-20, 2022-11-21, 2022-11-22, 2022-11-23, 2022-11-24, 2022-11-25, 2022-11-26, 2022-11-27, 2022-11-28, 2022-11-29, 2022-11-30, 2022-12-01, 2022-12-02, 2022-12-03, 2022-12-04, 2022-12-05, 2022-12-06, 2022-12-07, 2022-12-08, 2022-12-09, 2022-12-10, 2022-12-11, 2022-12-12, 2022-12-13, 2022-12-14, 2022-12-15, 2022-12-16, 2022-12-17, 2022-12-18, 2022-12-19, 2022-12-20, 2022-12-21, 2022-12-22, 2022-12-23, 2022-12-24, 2022-12-25, 2022-12-26, 2022-12-27, 2022-12-28, 2022-12-29, 2022-12-30, 2022-12-31, 2023-01-01, 2023-01-02, 2023-01-03, 2023-01-04, 2023-01-05, 2023-01-06, 2023-01-07, 2023-01-08, 2023-01-09, 2023-01-10, 2023-01-11, 2023-01-12, 2023-01-13, 2023-01-14, 2023-01-15, 2023-01-16, 2023-01-17, 2023-01-18, 2023-01-19, 2023-01-20, 2023-01-21, 2023-01-22, 2023-01-23, 2023-01-24, 2023-01-25, 2023-01-26
ipfs-webui, 157, 126, 113, 167, 148, 156, 148, 158, 136, 133, 169, 168, 153, 179, 165, 125, 139, 154, 174, 154, 143, 154, 117, 142, 153, 180, 193, 158, 170, 130, 135, 156, 172, 161, 161, 140, 113, 121, 160, 151, 139, 130, 130, 113, 104, 124, 132, 142, 144, 129, 121, 110, 115, 145, 148, 124, 128, 90, 96, 102, 128, 148, 128, 122, 101, 93, 136, 137, 158, 161, 133, 121, 106, 139, 158, 133, 139, 171, 143, 148, 150, 153, 126, 149, 139, 113, 114, 136, 139, 132, 132
ipfs-webui-kubo, 0, 0, 0, 0, 0, 0, 0, 0, 0, 0, 0, 0, 0, 0, 0, 0, 0, 0, 0, 0, 0, 0, 0, 0, 0, 0, 0, 0, 0, 0, 0, 0, 0, 0, 0, 0, 0, 0, 0, 0, 0, 0, 0, 0, 0, 0, 0, 0, 0, 0, 0, 0, 0, 0, 0, 0, 0, 0, 0, 0, 0, 0, 0, 0, 0, 0, 0, 0, 0, 0, 0, 0, 0, 0, 0, 0, 0, 0, 0, 0, 0, 0, 0, 0, 0, 0, 0, 0, 0, 0, 0
ipfs-desktop, 1095, 964, 949, 1082, 1024, 1045, 1062, 1035, 917, 897, 993, 1007, 1091, 973, 955, 832, 916, 1043, 1199, 1138, 1139, 1180, 976, 922, 1159, 1070, 1032, 938, 904, 850, 826, 1017, 1032, 1055, 1022, 999, 876, 873, 1000, 993, 996, 960, 888, 775, 784, 970, 924, 950, 914, 872, 749, 729, 824, 872, 865, 844, 760, 620, 589, 690, 752, 768, 741, 742, 639, 606, 743, 832, 812, 824, 789, 687, 681, 847, 861, 890, 887, 890, 721, 708, 881, 863, 820, 816, 788, 691, 698, 831, 817, 741, 641
ipfs-companion, 0, 0, 0, 0, 0, 0, 0, 0, 0, 0, 0, 0, 0, 0, 0, 0, 0, 0, 0, 0, 0, 0, 0, 0, 0, 0, 0, 0, 0, 0, 0, 0, 0, 0, 0, 0, 0, 0, 0, 0, 0, 0, 0, 0, 0, 0, 0, 0, 0, 25, 0, 0, 0, 0, 0, 0, 0, 0, 0, 0, 0, 0, 0, 0, 0, 0, 0, 0, 0, 0, 0, 0, 0, 0, 0, 0, 2, 0, 0, 0, 0, 0, 0, 0, 0, 0, 0, 0, 0, 0, 0
public-gateway-checker, 0, 0, 0, 0, 0, 0, 0, 0, 0, 0, 0, 0, 0, 0, 0, 0, 0, 0, 0, 0, 0, 0, 0, 0, 0, 0, 0, 0, 0, 0, 0, 0, 0, 0, 0, 1, 0, 0, 10, 12, 18, 19, 17, 15, 19, 12, 26, 24, 24, 19, 20, 14, 28, 21, 19, 154, 153, 38, 34, 39, 41, 32, 36, 29, 25, 29, 32, 29, 30, 49, 52, 31, 31, 37, 35, 38, 57, 47, 31, 47, 47, 47, 178, 295, 258, 193, 216, 281, 291, 177, 194
starmap.site, 0, 0, 0, 0, 0, 0, 0, 0, 0, 0, 0, 0, 0, 0, 0, 0, 0, 0, 0, 0, 0, 0, 0, 0, 0, 0, 0, 0, 0, 0, 0, 0, 0, 0, 0, 0, 0, 0, 0, 0, 0, 0, 0, 0, 0, 0, 0, 0, 0, 0, 0, 0, 0, 0, 0, 0, 0, 0, 0, 0, 0, 0, 0, 0, 0, 0, 0, 0, 0, 0, 0, 0, 0, 0, 0, 0, 0, 0, 0, 0, 0, 0, 0, 1, 1, 0, 0, 1, 14, 28, 16
cid-utils-website, 0, 0, 0, 0, 0, 0, 0, 0, 0, 0, 0, 0, 0, 0, 0, 0, 0, 0, 0, 0, 0, 0, 0, 0, 0, 0, 0, 0, 0, 0, 0, 0, 0, 0, 0, 0, 0, 0, 0, 0, 0, 0, 0, 0, 0, 0, 0, 0, 0, 0, 0, 0, 0, 0, 0, 0, 0, 0, 0, 0, 0, 0, 0, 0, 0, 0, 0, 0, 0, 0, 0, 0, 0, 0, 0, 0, 0, 0, 0, 0, 0, 0, 0, 0, 0, 0, 0, 1, 1, 0, 48
explore.ipld.io, 0, 0, 0, 0, 0, 0, 0, 0, 0, 0, 0, 0, 0, 0, 0, 0, 0, 0, 0, 0, 0, 0, 0, 0, 0, 0, 0, 0, 0, 0, 0, 0, 0, 0, 0, 0, 0, 0, 0, 0, 0, 0, 0, 0, 0, 0, 0, 0, 0, 0, 0, 0, 0, 0, 0, 0, 0, 0, 0, 0, 0, 0, 0, 0, 0, 0, 0, 0, 0, 0, 0, 0, 0, 0, 0, 0, 0, 0, 0, 0, 0, 0, 0, 0, 0, 0, 0, 1, 1, 0, 37
ipfs-check, 0, 0, 0, 0, 0, 0, 0, 0, 0, 0, 0, 0, 0, 0, 0, 0, 0, 0, 0, 0, 0, 0, 0, 0, 0, 0, 0, 0, 0, 0, 0, 0, 0, 0, 0, 0, 0, 0, 0, 0, 0, 0, 0, 0, 0, 0, 0, 0, 0, 0, 0, 0, 0, 0, 0, 0, 0, 0, 0, 0, 0, 0, 0, 0, 0, 0, 0, 0, 0, 0, 0, 0, 0, 0, 0, 0, 0, 0, 0, 0, 0, 0, 0, 0, 0, 0, 0, 0, 2, 0, 1
ipfs-dag-builder-vis, 0, 0, 0, 0, 0, 0, 0, 0, 0, 0, 0, 0, 0, 0, 0, 0, 0, 0, 0, 0, 0, 0, 0, 0, 0, 0, 0, 0, 0, 0, 0, 0, 0, 0, 0, 0, 0, 0, 0, 0, 0, 0, 0, 0, 0, 0, 0, 0, 0, 0, 0, 0, 0, 0, 0, 0, 0, 0, 0, 0, 0, 0, 0, 0, 0, 0, 0, 0, 0, 0, 0, 0, 0, 0, 0, 0, 0, 0, 0, 0, 0, 0, 0, 0, 0, 0, 0, 1, 0, 0, 11
pinning-service-compliance, 0, 0, 0, 0, 0, 0, 0, 0, 0, 0, 0, 0, 0, 0, 0, 0, 0, 0, 0, 0, 0, 0, 0, 0, 0, 0, 0, 0, 0, 0, 0, 0, 0, 0, 0, 0, 0, 0, 0, 0, 0, 0, 0, 0, 0, 0, 0, 0, 0, 0, 0, 0, 0, 0, 0, 0, 0, 0, 0, 0, 0, 0, 0, 0, 0, 0, 0, 0, 0, 0, 0, 0, 0, 0, 0, 0, 0, 0, 0, 0, 0, 0, 0, 0, 0, 0, 0, 1, 0, 0, 8
pl-diagnose, 0, 0, 0, 0, 0, 0, 0, 0, 0, 0, 0, 0, 0, 0, 0, 0, 0, 0, 0, 0, 0, 0, 0, 0, 0, 0, 0, 0, 0, 0, 0, 0, 0, 0, 0, 0, 0, 0, 0, 0, 0, 0, 0, 0, 0, 0, 0, 0, 0, 0, 0, 0, 0, 0, 0, 0, 0, 0, 0, 0, 0, 0, 0, 0, 0, 0, 0, 0, 0, 0, 0, 0, 0, 0, 0, 0, 0, 0, 0, 0, 0, 0, 0, 0, 0, 0, 0, 1, 1, 2, 4
